Title,Price,Condition
For iPhone X XR XS Max Case Shockproof Bumper Real Walnut Wood Cover,US $11.98,New
Clear Case Shockproof Cover for iPhone 15 14 13 12 11 Pro Max Mini XS XR X 8 7 6,US $2.45,New
For Apple iPhone - Camo Hunting Mossy Heavy Duty Cover Case Holster Clip 02,US $12.74,New
For iPhone 15 14 13 12 Pro Max Clear Shockproof Case +2*Screen +2*Lens Protector,US $5.99/ea,New
For iPhone 14 13 12 11 Pro Max Mini Soft Silicone Clear Cover Shockproof Case,US $0.99,New
For iPhone 15 14 13 12 11 Pro Max XS XR X 8 7 SE Silicone Case Camera Lens Cover,US $3.99,New
For Apple iPhone 14 Plus 14 13 12 11 Pro Max Shockproof Clear Fashion Cute Cover,US $6.49,New
For Apple iPhone 15 14 Plus 13 12 11 Pro XR XS Max Case Leather Shockproof Cover,US $9.49,New
For iPhone 15 Pro Max 14 13 12 11 XR XS Phone Case Heavy Duty Shockproof Cover,US $3.73/ea,New
For Apple iPhone 15 14 Plus 13 12 11 Pro Max Clear Case Plating Mag Safe Cover,US $8.45,New
Shockproof Case For iPhone 14 13 12 11 Pro Max Xr Xs Max 6 8 7 Plus SE Cover,US $7.99,New
Case For iPhone 15 14 13 12 11 Pro max Plus/Xr/7 8+ Shockproof Hard Phone Cover,US $4.95/ea,New
For iPhone 15 14 13 12 11 Pro Max X XR 6 7 8 Plus SE Shockproof Clear Cover Case,US $6.99,New
"Leather Case For iPhone 11 / 11 Pro Max, Shockproof Cover with Tempered Glass",US $9.99,New
For iPhone SE 2022 / 2020 3rd 2nd Gen Case Case Ring Stand Cover +Tempered Glass,US $8.99,New
Wholesale Lot For iPhone 14 15Pro Max 13 12 11 Magsafe Case Magnetic Clear Cover,US $4.99,New
For iPhone 6 7 8 Plus SE 2020 Shockproof Rugged Case Cover + Screen Protector,US $7.99,New
For Apple iPhone 15 14 13 12 11 Pro Max Clear Case Slim Plating Mag Cover,US $7.80/ea,New
For iPhone 15 14 13 12 11 Pro Max XS XR X SE 8 7 Silicone Case Camera Lens Cover,US $2.95,New
MagSafe Case Fr iPhone 13 Pro Max 15 Shockproof Heavy Duty Rugged Magnetic Cover,US $10.99/ea,New
For iPhone 15 14 13 12 11 Pro Max XS Night Light Luminous Transparent Phone Case,US $2.59,New
For Apple iPhone 15 14 13 12 11 Pro Max Shockproof Clear Case Magnetic Mag Cover,US $5.99,New
For iPhone 15 Pro Max 14 13 12 11 Plus Mini XR 7 8 SE Case Cover +Tempered Glass,US $4.25/ea,New
Wallet Card Case Cover Leather Magnetic For iPhone 14 12 13 15 PRO MAX XS XR 8 7,US $3.99,New
For Apple iPhone 15 14 13 12 11 Pro Max Xr Clear Case Slim Plating MagSafe Cover,US $8.99,New
Shockproof Mag Safe TPU Case For iPhone 15 14 Pro Max 13 12 11 Camera Lens Cover,US $1.89,New
For iPhone 15 14 13 12 11 Pro Max XR X Max 8 7 Plus SE 2 3 Shockproof Case Cover,US $6.99,New
For iPhone 15 14 13 12 11 Pro Max XR Shockproof Liquid Silicone Case Phone Cover,US $1.49,New
For iPhone 12 Pro Max/12 Mini Case Thin Fit Ultra Slim Carbon Fiber Phone Cover,US $6.99,New
Platinum Sparkle Shockproof Case for iPhone 14/14 Pro Max + Free Tempered Glass,US $7.99,New
For iPhone 15 Pro MAX 14 13 12 11 Pro MAX Shockproof Phone Case Heavy Duty Cover,US $4.25,New
For iPhone 12 Mini/12 Pro Max/12 Clear Case Slim Cover With 2 PCS Tempered Glass,US $3.59/ea,New
For Apple iPhone X XR XS Max 10 Shockproof Protective Rugged Hard Cover Case,US $8.98,New
For iPhone 15 Pro Max 14 13 12 Pro XR 7 8 Plus Case Leather Silicone Back Cover,US $7.98/ea,New
For iPhone 15 14 13 12 11 Pro Max Mini Xs XR 7 8 6 Plus SE Clear Shockproof Case,US $7.49,New
For iPhone 15 14 13 12 11 Pro Max XR XS MAX Clear Phone Case Shockproof Cover,US $6.97,New
For Apple iPhone 6 7 8 Plus SE 2nd 3rd Shockproof Case Cover + Screen Protector,US $8.79,New
Shockproof Slim Leather Case For iPhone 15 14 Plus 13 12 11 Pro Xs XR Max 7 8 SE,US $9.47,New
Tumi® Magsafe Compatible Silicone Design Phone Case for iPhone 14 Pro Max Gray,US $38.24,New
For iPhone Xs Max Case Shockproof Dual Layer Wood Cover with Tempered Glass,US $9.99,New
For iPhone 15 14 13 12 11 Pro Max X XR 6 7 8 Plus SE Shockproof Clear Cover Case,US $3.99,New
Case For iPhone 15 14 13 12 Pro Max 11 XS Clear Screen Protector 360° Full Cover,US $2.99,New
For Apple iPhone 15 14 13 12 11 Pro Max Clear Case Slim Plating Mag Safe Cover,US $8.27/ea,New
Shockproof Case For iPhone 14 13 12 11 Pro X XR Xs Max Cover + Tempered Glass,US $7.98,New
For iPhone 15 14 Pro Max 13 12 11 XR XS MAX Case Cover Fits Otterbox Defender,US $7.96/ea,New
Mag Safe Magnetic TPU Case For iPhone 15 14 Pro Max 13 12 +Camera Lens Protector,US $1.98,New
For iPhone 15 Pro Max Plus 14 13 12 11 XS XR MagSafe Magnetic Leather Phone Case,US $2.59,New
For iPhone 15 14 13 12 11 Pro Max XR Shockproof Liquid Silicone Phone Case Cover,US $2.98/ea,New
Case for iPhone 15 14 13 Pro Max Plus Camera Lens Protect Shockproof Phone Cover,US $5.99/ea,New
Genuine Original Apple iPhone Leather & Leather Folio & Silicone Case - Open box,US $9.99/ea,Open box
For iPhone 15 Pro Max 14 13 12 11 XR XS Phone Case Heavy Duty Shockproof Cover,US $2.99,New
For iPhone 15 14 13 12 Pro Max MagSafe Magnetic Ring Stand Case Glass Lens Cover,US $9.88,New
For iPhone 15 14 Pro Max 13 12 11 Pro Mag Safe Magnetic Shockproof Silicone Case,US $2.72,New
For iPhone 14 Pro Max 14 13 Pro 12 Mag Safe Magnetic Lens Shockproof Case Cover,US $1.96,New
For iPhone 15 14 13 12 11 Pro Max XS XR Shockproof Case Cover Wallet Card Holder,US $6.99,New
For iPhone 15 14 13 12 11 Pro Max X XS XR 8 Plus Silicone Case Camera Lens Cover,US $2.99,New
Shockproof Magnetic Ring Stand Case For iPhone 15 14 Pro Max 13 12 11 XS 8 Cover,US $1.87,New
Cute Bling Clear Phone Case Cover for iPhone 15 14 13 Pro Max 12 11 XR 7 8 Plus,US $7.95/ea,New
Wholesale Bulk Lot Clear Phone Case Cover For iPhone 15 14 13 12 11 Pro XR 8 7 6,US $6.49/ea,New
CLEAR Shockproof Case For iPhone 15 14 13 12 11 Pro Max Xr Xs Max 7 8 Plus SE X,US $6.99,New
